Duplicate,Lobe.number,BL,PL,BW,TLIW,TLL,TLDW,TEL,BLL,LLL,BSR,LSR,LLDW,LLIW,MidVeinD,BL.PL,TLDW.TLIW,TLL.TLDW,LLDW.LLIW,LLL.LLLDW,BL.BW,BL_PL,Putative_spp,General.location.Habitat,site,year,Latitude,Longitude
0061284MOR,5,7.63055381,2.79926991,9.1725154,2.077876205,3.808087531,2.47117268,0.800970716,1.241068575,3.385826333,2.871189949,4.065416007,2.251790686,2.547152265,4.707170789,2.823721485,1.222432819,1.599899138,0.941417698,1.578951297,0.835429367,10.42982372,Quercus shumardii var. acerifolia,"Logan County, Arkansas","Arkansas River Province: Ozark National Forest, Magazine Mountain Div. at Brown Springs, on North escarpment of Magazine Mountain, about 9 mi. SSE of Paris.",1955,35.16985788,-93.65075334
0061285MOR,5.333333333,7.009623834,2.265214855,6.85091444,2.026769102,2.15307449,2.020667594,0.744240816,1.787911416,2.715352638,2.3811976,5.084386442,2.504243742,2.363115771,3.737101546,3.099932114,0.99745342,1.103232207,1.060273333,1.111737801,1.032736074,9.274838689,Quercus shumardii var. acerifolia,"Logan County, Arkansas",Top of Magazine Mountain.,1924,35.16985788,-93.65075334
0061286MOR,6.541666667,11.34430162,2.878072826,12.33383566,3.594934814,3.816867994,3.897418198,1.217702912,2.382830281,4.28297534,2.980341172,7.8188177,4.118663326,3.400827048,5.950853437,4.191670883,1.084928144,1.121414167,1.2224287,1.097222764,0.925754578,14.22237445,Quercus shumardii var. acerifolia,"Logan County, Arkansas","Ozark National Forest, Magazine Mt., 16 mi. SE of Paris on St. Hwy. 309 & 2.5 mi. W of junction. Bluffs above Brown Spring Lookout. N-facing slope to 10 m tall, by cliff -- m tall.",1986,35.16985788,-93.65075334
1666647,5.444444444,7.489663589,2.745890451,8.315420513,2.569718281,3.005605269,2.634211133,0.897096794,2.094959299,3.054949991,2.623349763,4.921886687,2.598155028,2.749130982,4.606900656,2.798475201,1.017780913,1.227927972,0.955778307,1.200790448,0.907842167,10.23555404,Quercus shumardii var. acerifolia,"Logan County, Arkansas",Rocky (sandstone) top of Magazine Mt.,1924,35.16985788,-93.65075334
36920,5.166666667,4.946384245,1.867837034,5.097267619,1.437473941,1.99099861,1.785189092,0.737518436,1.025525905,1.884017243,1.922650709,3.152949844,1.357942585,1.573268858,2.564027613,2.683397539,1.240827379,1.104084058,0.845260106,1.440483396,0.976237723,6.814221279,"Quercus shumardii var. acerifolia first, Quercus shumardii later","Logan Co. County, Arkansas",Post Office Magazine Mountain.,1955,35.16985788,-93.65075334
5200,5.222222222,7.183412976,3.043259619,7.340217201,2.448883139,2.766620177,2.714379563,1.013610795,1.136203302,2.757891713,2.181462049,4.519372128,1.86075257,2.583853237,3.774053646,2.39799739,1.092204563,1.036961659,0.719242641,1.527188662,0.98695055,10.2266726,"Quercus shumardii var. acerifolia first, Quercus shumardii later","Montgomery County, Arkansas","Montgomery County, AR. Open, grassy glade on top and south side of Pryor Mtn., Ouachita National Forest; in the N 1/2 of the N 1/2 of Section 34, T4S, R27W; Athen and Langley Quads.",1991,35.16985788,-93.65075334
5204,5,7.448787594,2.266340981,7.919552988,1.973967488,3.650054007,2.828202916,1.217753968,1.776029671,3.378448125,2.076375827,3.960398349,2.362291055,2.23792417,3.985293467,3.356593225,1.45569272,1.355169443,1.071865019,1.46746812,0.948388588,9.715128575,Quercus shumardii var. acerifolia,"Logan County, Arkansas",Locality Not Recorded,1991,35.16985788,-93.65075334
barcode-00034090,5,7.169022907,2.513214106,7.563075443,2.103254537,3.726297261,3.445688422,1.194107431,1.619685262,2.949069874,2.203704414,3.487100778,2.702480991,1.848687122,3.987146541,2.870551335,1.704121068,1.10304269,1.488571631,1.139587721,0.960633256,9.682237013,Quercus shumardii var. acerifolia,"Logan County, Arkansas",Magazine Mountain,1924,35.16985788,-93.65075334
BRIT319822,6,8.389683334,2.822147385,8.301300264,2.194547143,2.967242501,2.605398084,1.059144526,1.954058983,2.764690205,1.994380347,5.40665826,2.369027914,2.150609846,3.612590068,3.01544829,1.210772735,1.147511984,1.049361442,1.23685853,1.012586694,11.21183072,Quercus shumardii var. acerifolia,"Logan County, Arkansas",Brown Springs. Rim of mountain. Ouachita Region.,1970,35.16985788,-93.65075334
BRIT319823,5,8.448051085,2.744640702,10.73483505,1.699508039,5.235246462,3.879827133,1.976923703,2.9674738,5.549187653,1.784183393,3.398739829,4.389958685,2.302005046,5.603347514,3.086096955,2.329591568,1.349764801,1.93423772,1.279413404,0.787088885,11.19269179,Quercus shumardii var. acerifolia,"Logan County, Arkansas",Rim of mountain. Brown Springs,1968,35.16985788,-93.65075334
BRIT319825,5,6.211823997,2.404776938,7.40489777,1.382141618,3.874997184,2.69013183,1.365516956,1.669314312,3.043311484,2.13673111,2.316715869,1.883358632,1.655706029,3.66735566,2.588053751,1.931488493,1.47535554,1.096470981,1.692828103,0.84362998,8.616600935,Quercus shumardii var. acerifolia,"Logan County, Arkansas",Brown Springs. Rim of mountain.,1970,35.16985788,-93.65075334
BRIT319826,5,7.00730652,2.657266679,8.423542189,1.646050668,4.196672307,2.794282036,1.41506315,0.858680586,2.765784961,2.206746684,2.899811143,1.971865298,2.245663365,4.112109062,2.644929745,1.701918221,1.507679004,0.933040134,1.403350787,0.830435546,9.664573199,Quercus shumardii var. acerifolia,"Logan County, Arkansas",Rim of mountain. Near Brown Springs.,1967,35.16985788,-93.65075334
BRIT319827,5,8.896278335,2.860340129,10.88728094,1.833607627,5.365819517,3.786970953,1.902555042,2.373837229,4.52518683,2.156480228,3.646032041,3.848561095,2.483487796,5.131274009,3.139931317,2.099028697,1.414890338,1.592982484,1.178779819,0.817726028,11.75661846,Quercus shumardii var. acerifolia,"Logan County, Arkansas",Brown Springs. Rim of mountain. Ouachita Region.,1970,35.16985788,-93.65075334
GA136745,6.166666667,8.387514029,2.881431598,7.7053844,2.26427909,2.600379533,2.670141773,0.760718921,1.054631653,2.460791139,2.371519571,5.876808905,2.310324499,2.447972537,3.90919595,2.992260388,1.189644413,1.00805417,0.946787494,1.270419895,1.097917977,11.26894563,Quercus shumardii var. acerifolia,"Polk County, Arkansas","Polk County, AR. Glade on south side of Porter Mountain (Ouachita National Forest), 1.6 km west of Tall Peak, 579 m above sea level, in the NE 1/4 of the SE 1/4 of Section 23.",1993,34.39139586,-94.10334357
GA136746,5,8.016272216,3.740705099,8.844473678,2.127431648,3.365984433,3.103175004,0.997489849,2.701679909,3.822327915,2.247865681,4.74982676,2.873820553,2.67984543,4.457607918,2.174859738,1.499479542,1.099873665,1.075021426,1.359280434,0.913735984,11.75697732,Quercus shumardii var. acerifolia,"Logan County, Arkansas","Logan County, AR. Cameron rim of Magazine Mountain. 10 ft. tall. Very local. Ouachita National Forest.",1960,35.16985788,-93.65075334
UAM006663,5,7.89707657,3.86743887,7.555980167,2.242708044,3.085974828,3.233434663,0.941894896,2.47429355,3.363924975,3.057510635,4.874792768,2.941220468,2.182690191,4.24648231,2.055571832,1.434122957,0.960331959,1.352696667,1.152297981,1.059529677,11.76451544,Quercus shumardii var. acerifolia,"Logan County, Arkansas","Mt Magazine at Brown Spring on Forest Service Road 1606. N edge of mountain in very rocky soil about 200' E of spring; canopy of CArya tomentosa, Quercus stellata, Juniperus virginiana, and Amelanchier. Scattered trees about 30' tall.",1988,35.16985788,-93.65075334
UAM006664,5,7.397214101,2.884643814,8.358100052,1.870132119,2.927582504,2.06045128,0.951255355,1.20748053,2.181653572,3.484451323,4.652323151,1.158960964,2.472188338,3.880787571,2.572654768,1.103794602,1.498187878,0.485620794,1.882124788,0.884403606,10.28185791,Quercus shumardii var. acerifolia,"Logan County, Arkansas","Logan Countt: Magazine Mountain, Brown Springs, rock bluffline",1967,35.16985788,-93.65075334
0059435MOR,5,7.920472969,3.401981297,7.620550019,2.105877432,3.923762099,2.203982166,2.057453071,1.800059736,3.267144277,1.630145014,4.097141776,1.962976897,2.327779387,3.270950581,2.348887153,1.032720375,1.865458864,0.842784643,1.657055075,1.042318988,11.32245427,Quercus buckleyi,"McCurtain County, Oklahoma","Valliant, 3 mi. N of Valliant, along Little R.",1969,NA,NA
0059436MOR,5.666666667,9.081430153,2.966495316,6.950530899,1.745489351,3.727595617,2.610222389,1.629479258,2.029029303,2.988337595,2.517321148,5.255221912,1.164032678,2.266348058,3.574075878,3.098723389,1.461296043,1.537795218,0.513314975,2.580851508,1.385268166,12.04792547,Quercus buckleyi,"Osage County, Oklahoma",Near Pawhuska.,1913,NA,NA
0059443MOR,6.333333333,9.391378542,3.728902502,7.835191758,1.191314791,3.30334169,1.832958858,0.841406202,2.520569,3.074188901,2.297415718,6.142855993,1.536161873,2.373282968,4.290308219,2.530379975,1.462702351,2.098240126,0.653868144,2.098413194,1.202985278,13.12028104,Quercus buckleyi,"Tarrant County, Texas","Woods along Trinity River, near Ft. Worth",1925,NA,NA
0059445MOR,5,9.953841136,2.378935832,7.871954957,2.959841833,4.048972261,2.67391966,1.007131359,1.375939723,2.75093557,3.257243184,6.028066054,2.040997412,2.972809129,4.196142959,4.219076919,0.900050613,1.506573746,0.680069766,1.402338394,1.262285823,12.33277697,Quercus buckleyi,"Tarrant County, Texas","North Fort Worth, bottomland along Cattlebaron Rd. ca. 3 mi. SW of Fort Worth Nat. Cent. & Refuge, S of Azle.",1994,NA,NA
0064978MOR,5,6.324095603,2.239477815,5.837012843,1.431101217,3.130959864,1.65534953,0.758744322,1.950259464,3.070931229,1.550160187,3.590489941,1.613289726,2.283621431,3.62351493,2.885670323,1.214670594,1.89543107,0.779270167,1.954867141,1.088040853,8.563573418,Quercus buckleyi,"Dallas County, Texas","At the Cedar Ridge Preserve in Dallas, TX.",2013,NA,NA
0064979MOR,6.333333333,9.478966666,1.743122595,6.910317196,2.137780841,3.335647926,3.015388227,1.159440079,1.415555213,2.905169918,1.699813601,6.111976959,1.511418839,2.641171183,3.660274011,7.181257212,1.468937703,1.123378441,0.586901745,1.977309949,1.436996319,11.22208926,Quercus buckleyi,"Dallas County, Texas","At the Cedar Ridge Preserve in Dallas, TX",2013,NA,NA
0064983MOR,5,6.829422676,2.07063672,7.669795099,1.587021853,3.60628535,2.449061075,1.024047342,2.383290471,3.383960961,1.549638839,3.27463641,1.779878962,1.979120154,4.17084392,3.331793521,1.618474702,1.708849127,0.922260949,1.961912049,0.921438718,8.900059395,Quercus buckleyi,"Dallas County, Texas","At the Cedar ridge Preserve in Dallas, TX.",2013,NA,NA
0076255MOR,5,6.514504917,2.379299425,5.733120481,1.210929334,3.363137375,2.344784148,0.934162458,1.938104795,2.26246274,1.307070105,3.323036366,1.225917081,1.938713361,2.708500327,2.738270218,1.865237145,1.618612557,0.675770188,1.844437324,1.151603295,8.893804342,Quercus buckleyi,"Dallas County, Texas","At the Cedar Ridge Preserve in Dallas, TX.",2013,NA,NA
0076256MOR,5,7.109380458,2.448821649,8.720533079,1.379800419,4.136836332,2.380181506,1.002309297,1.602259537,4.05107428,1.39996691,3.193791442,1.660416634,1.667959476,4.720229947,3.114655508,1.834269306,1.72779028,1.004944122,2.709880972,0.821067224,9.558202107,Quercus buckleyi,"Dallas County, Texas","At the Cedar Ridge Preserve in Dallas, TX.",2013,NA,NA
0076257MOR,7,8.633820341,1.703717815,7.103795861,1.58914755,2.827676972,1.33381128,0.780488404,1.022571518,3.074150267,1.313378306,5.960782365,1.268123048,2.479434774,3.826830104,5.067635184,0.839325008,2.119997794,0.511456507,2.424173483,1.215381257,10.33753816,Quercus buckleyi,"Dallas County, Texas","At the Cedar Ridge Preserve in Dallas, TX.",2013,NA,NA
0076258MOR,7,8.920244664,2.750563009,9.242083811,1.47193263,3.798501171,3.129902619,0.892267005,0.557777176,3.881051388,1.797153177,5.290964752,2.45291214,2.930323673,5.145299025,3.243061378,2.126389861,1.213616407,0.837078908,1.582221933,0.965176777,11.67080767,Quercus buckleyi,"Dallas County, Texas","At the Cedar Ridge Preserve in Dallas, TX.",2013,NA,NA
14242,5,5.588977949,2.222958652,4.797108869,1.256778445,2.281384123,1.150414987,0.526631391,1.068469305,2.008095879,1.921727093,3.384395912,0.96170622,1.716803379,2.537790724,2.548044663,0.929962409,2.029397978,0.555453927,2.191608826,1.171281335,7.811936601,Quercus buckleyi,"Travis County, Texas","Jonestown, ca 3.5 mi S, 1.5 mi E",2006,NA,NA
7015,6,8.666823114,2.549740379,7.142297771,1.459521534,3.595790546,2.786509705,1.184827493,2.314399869,3.165413273,1.841022579,5.174075657,1.813049158,2.291004817,3.693018643,3.478421148,1.878198796,1.304479673,0.85880297,1.815643814,1.221105838,11.21656349,Quercus buckleyi,"Murray County, Oklahoma","Arbuckle Mts, Arbuckle Wilderness, 6 mi. w of Dougherty.",1993,NA,NA
7029,5.5,8.7201709,2.784919507,7.425157687,1.687017245,3.535692697,2.16709486,0.957055284,2.179083231,3.393596229,1.831816143,5.355937103,2.025878289,2.369741946,4.002103551,3.141458064,1.323973331,1.631127739,0.859319073,1.726448884,1.16494039,11.50509041,Quercus buckleyi,"Hood County, Texas",3 mi. E of Lipan on St. Rd. 4.,1993,NA,NA
7030,6.166666667,8.320880362,2.034861455,7.637234103,1.553709361,4.127358783,2.216295874,0.990605213,2.190636163,3.642568751,1.65819553,4.310498467,1.866979188,2.204825606,3.906745807,4.224169785,1.408488135,2.02991639,0.889198028,2.136646838,1.13329219,10.35574182,Quercus buckleyi,"Somervell County, Texas",2 mi NE of Glen Rose on St. Rd. 201 near junction with US 67,1993,NA,NA
78688,5.416666667,6.138144198,1.854656076,4.905521764,1.148979574,2.814911267,1.478335993,0.747266787,0.792517985,2.158611312,1.527441433,3.393728885,0.852240771,1.764635833,2.670151222,3.340272356,1.271957219,1.944563907,0.506050864,2.658915973,1.254928229,7.992800274,Quercus buckleyi,"Travis County, Texas",By US 290 3 mi.E Dripping Springs; Limestone glade in juniper-oak,1991,NA,NA
87898,5,7.523076851,1.684351399,6.573594665,1.04173006,4.681600207,2.435135849,1.539868241,0.88002774,3.188487106,1.294016337,2.89599073,1.414307102,1.605819144,3.103613736,4.726608266,2.401070857,1.947121058,0.885580561,2.336689033,1.164743015,9.20742825,Quercus buckleyi,"Tarrant County, Texas","Tarrant, Texas, United States. Oak woodland along Trinity River, river trail, just E of University Drive and just N its jct. with I-30.",1998,NA,NA
87900,6.5,10.19285155,3.342031739,9.711112418,1.944609042,3.727821736,2.831371778,1.236385804,2.596048867,4.612628414,2.107247388,6.533277773,3.053987647,3.140584043,5.143500831,3.138275591,1.469875338,1.324771893,0.981237862,1.546244105,1.060888035,13.53488329,Quercus buckleyi,"Tarrant County, Texas","Tree to ca. 50 ft, oak woodland along Trinity River, river trail, just E of University Drive and just N its jct. With I-30; bark shallowly furrowed, with long narrow vertical flat ridges.",1998,NA,NA
APSC0045969,5,6.835497654,2.109451833,6.07810953,1.463203494,3.170526553,2.10459382,0.681505988,1.454327104,2.593413839,1.696217283,3.801150551,1.644061501,2.015215481,3.039263642,3.293131192,1.449094322,1.721327548,0.81290761,1.587437356,1.129743949,8.944949487,Quercus buckleyi,"Somervell County, Texas","Glenrose, Austin",1938,NA,NA
APSC0116183,5,7.253681957,2.263464428,6.685529754,1.579305316,3.575803129,2.038182941,0.935522268,0.898554933,1.839530232,2.417003969,3.838165305,0.922398079,2.173444958,3.185392064,3.351929706,1.271595962,1.846251289,0.425814163,2.269728582,1.103238541,9.517146385,Quercus buckleyi,"Tarrant County, Texas",West side of Fort Worth Nature Center and Refuge at the junction of Hanger Cutoff Rd. and Eagle Mountain Dam Rd. on roadside. Open oak woods. ,2014,NA,NA
BRIT307140,6.666666667,10.4865701,3.239481262,9.256997839,1.683501266,3.291305057,2.44491467,1.288211651,2.962612445,3.458970958,2.498217465,7.308810028,1.651251496,2.962607891,4.795956155,3.390082973,1.496602202,1.366759836,0.544318099,2.166474367,1.138225439,13.72605136,Quercus buckleyi,"Travis County, Texas","Waller Creek, Austin",1933,NA,NA
LL00286550,5.666666667,5.969510184,1.90511218,5.061418649,1.071131732,2.33795995,1.154167306,0.390982383,0.866143915,2.126191253,1.319401887,3.754292441,0.737690513,1.753236563,2.522320994,3.147727998,1.074029148,2.275126213,0.438639448,3.24830351,1.190276663,7.874622364,Quercus buckleyi,"Erath County, Texas",4 mi. N of Stephenville.,1945,NA,NA
LL00286551,5,7.679287167,2.484071987,7.71364829,1.720672114,3.695736194,1.956186097,1.040726891,2.059031002,3.336842027,2.324636192,4.293447013,1.637319296,2.199014948,4.299810677,3.137227893,1.111769537,1.917467896,0.709666211,2.327235248,1.034100621,10.16335915,Quercus buckleyi,"Tarrant County, Texas","Bluebird Avenue, Oakhurst, Fort Worth.",1948,NA,NA
LL00286562,6,7.870220315,1.27896904,5.160225159,1.962174954,2.533468257,1.973562132,1.087785192,1.192838916,1.794628702,1.873913293,5.185497966,1.035031686,2.232579296,2.904068987,6.287787029,1.004367959,1.461266205,0.460345748,1.749183582,1.525024561,9.149189355,Quercus buckleyi,"Dallas County, Texas",Off Hillcrest Road north of University Park.,1942,NA,NA
LL00378251,5,7.741397137,2.355030453,7.383495061,1.37081223,3.733500696,2.521727166,0.925744804,1.942960884,3.077624066,1.910187952,4.00269075,1.232572052,2.349009208,3.843482562,3.317351442,1.830691071,1.544637291,0.524417403,2.560521548,1.057430476,10.09642759,Quercus buckleyi,"TRAVIS County, Texas",Barton Creek.,1976,NA,NA
LL00378258,5,6.804259334,3.260950919,6.558836751,1.568470587,3.791316613,2.258238908,1.326478818,0.967988638,2.79400237,1.41092543,3.018706291,1.319662921,1.68669424,2.896048669,2.095874845,1.473042839,1.721651276,0.751375197,2.449744238,1.036050911,10.06521025,Quercus buckleyi,"TRAVIS County, Texas",On hills 10 miles northwest of Austin.,1940,NA,NA
LL00378270,7.333333333,9.283606833,3.62489827,8.185458443,2.015295246,2.647449502,1.739291194,0.744933185,1.639914968,2.493718265,2.015680781,7.014283696,1.437709219,2.407541306,4.137170944,2.723544335,0.885622337,1.614583932,0.568950901,1.846792892,1.13025665,12.9085051,Quercus buckleyi,"Dallas County, Texas","Off Hillcrest Road north of University Park, along wooded ravine through prairie.",1942,NA,NA
LL00378272,5.666666667,8.969434685,3.733035499,7.819038214,1.228416886,2.852388907,1.737447308,0.890300578,2.407325223,2.632782299,1.955262444,6.260233075,1.217702306,2.858961677,3.965032334,2.410528484,1.287070103,2.03715992,0.469302238,2.194791576,1.147329381,12.70247018,Quercus buckleyi,"Dallas County, Texas","Belt Line Road, 2 airline miles WNW of Cedar Hill, frequent in low woods at base of hill.",1948,NA,NA
LL00378273,5.333333333,6.596472721,2.060559621,6.165935326,1.123075665,3.531247985,1.459274317,0.886254282,1.444766415,2.652626403,1.194017124,3.210221434,0.93812901,1.592765176,3.107061086,3.224784081,1.309710372,2.461186392,0.570354521,3.07495169,1.074162759,8.657032342,Quercus buckleyi,"Dallas County, Texas","Off Coit Road, south of White Rock Creek, along ravine.",1944,NA,NA
TEX00206295,5.333333333,5.492182939,1.870933761,4.734071103,1.219710035,2.096572473,0.942785006,0.445019092,0.785551044,1.912277584,1.761041337,3.510055374,1.127462759,1.404887486,2.63155744,2.972448932,0.77382284,2.236027793,0.795118198,1.715585556,1.158392759,7.3631167,Quercus buckleyi,"Parker County, Texas","Mineral Wells. Texas Air National Guard Training Base, Fort Wolters, TA 3. Top of hillside near state park fenceline. Edge of steep ravine near edge of Juniperus/Quercus woods. Elev. 301 m.",2004,NA,NA
TEX00286549,7,9.021531892,2.574519312,7.189317424,1.456744059,3.336053919,2.712482429,0.982952901,1.483936241,3.618608244,1.847551618,5.692909617,2.285149214,2.525950339,4.053471618,3.50416167,1.862017156,1.229889596,0.904669097,1.583532586,1.254852354,11.5960512,Quercus buckleyi,"Somervell County, Texas",11 miles SW of Glen Rose.,1943,NA,NA
TEX00378227,5,7.536487731,2.658265428,5.353101798,1.131814698,4.307810177,2.050464731,1.437335591,0.846534368,2.582657882,1.747482661,3.308552985,0.983266223,1.680423866,2.812251796,2.830839514,1.815979246,2.099005271,0.591889629,2.618912969,1.405885176,10.19475316,Quercus buckleyi,"Tarrant County, Texas",Prairie.,0-00,NA,NA
TEX00378236,5.333333333,8.723560941,2.653866068,7.815109253,1.659942136,4.441864221,2.421007876,1.873012313,1.864382732,2.988866014,1.784031517,4.496499786,1.080789864,1.872505929,3.634095353,3.298706419,1.484377503,1.838507552,0.576458249,2.836413701,1.131202152,11.37742701,Quercus buckleyi,"TRAVIS County, Texas","Austin, Shoal Creek bank.",1921,NA,NA
TEX00378237,5.666666667,4.35720655,2.250512873,3.420858533,0.54549953,2.285411854,1.185074241,1.018603435,1.5609354,1.908982314,1.155733399,2.17301336,0.940382411,0.738037499,1.895867657,1.940901714,2.16471324,1.940209165,1.307957702,2.081144715,1.269441675,6.607719423,Quercus buckleyi,"TRAVIS County, Texas","On lower slopes of Mount Bonnell, limestone soil on west side; northwest of Austin.",1946,NA,NA
TEX00378238,6.333333333,6.57380574,2.073223404,5.494915321,1.286253748,2.710725821,2.18040088,1.037772916,1.46177486,2.394292714,1.377036579,3.726348365,1.207325998,1.823198633,2.593840893,3.176777099,1.662402236,1.345635647,0.674526389,1.988069878,1.213196899,8.647029144,Quercus buckleyi,"TRAVIS County, Texas","Shoal Cr., Austin.",1933,NA,NA
TEX00378241,5.666666667,9.020248912,2.127964054,7.630278407,1.271667507,3.375632541,1.425909421,0.758928742,1.670782083,2.904156928,1.619042655,5.588101831,1.129729031,2.676521251,3.672087516,4.284156527,1.198241442,2.398448166,0.475420149,2.715314059,1.184218956,11.14821297,Quercus buckleyi,"TRAVIS County, Texas",Rob Roy [Ranch] #4.,1933,NA,NA
TEX00378242,5,6.313312558,2.273041482,6.109103647,1.168546484,2.916688663,1.5953846,0.828964688,1.128081071,2.694206023,1.592677839,3.471548593,1.124649703,2.146016833,3.194131201,2.789618465,1.364393461,1.846569196,0.518753717,2.453411096,1.034971048,8.58635404,Quercus buckleyi,"TRAVIS County, Texas",Rob Roy [Ranch] #19.,1933,NA,NA
TEX00378243,6.333333333,8.863840373,3.137789419,6.90672863,1.331399399,2.789248365,2.264430414,0.658989315,2.328736974,3.193786578,1.823594914,5.820491285,1.805803836,2.303460854,4.134783489,2.887359271,1.835109374,1.263732554,0.784826091,1.76266475,1.284456741,12.00162979,Quercus buckleyi,"TRAVIS County, Texas",Waller Creek.,1911,NA,NA
TEX00378244,5.666666667,6.992032581,2.237459971,6.50378676,1.337600205,2.875017758,2.361249997,1.000252612,1.373312194,2.091311993,2.086648286,4.272745906,0.86549724,1.677391005,3.348054525,3.209578475,1.796654279,1.215016628,0.503888389,2.611060499,1.076448638,9.229492552,Quercus buckleyi,"TRAVIS County, Texas",Deaf and Dumb Institute grounds.,1911,NA,NA
TEX00378245,5,5.791585467,1.541570471,4.182302127,1.327810227,3.087782042,1.927094278,1.049679033,0.641557381,1.967609118,1.193320151,2.731092061,0.786205448,1.768263235,2.210126149,3.758275577,1.463048972,1.640702187,0.441705881,2.694817242,1.388086811,7.333155938,Quercus buckleyi,"TRAVIS County, Texas","S side of Lime Creek Rd., 4.0 roadmiles N of F.M. 2769. Mansfield Dam Quadrangle.",1981,NA,NA
TEX00378247,5,8.884184524,2.244667824,7.565443369,1.359165985,5.438685031,3.551162703,1.854580546,2.432328978,3.37476942,1.282812117,3.591704195,1.944239019,2.071600039,3.715592909,3.957906122,2.612751306,1.531522345,0.938520459,1.735779083,1.174311153,11.12885235,Quercus buckleyi,"TRAVIS County, Texas",Rob Roy Ranch #24.,1933,NA,NA
TEX00378250,5.333333333,7.652749967,2.318019544,7.651266773,1.473457938,3.948022051,2.898451011,1.104238591,2.601884323,2.961171907,1.158117782,3.595314936,2.185487095,1.853261411,3.435109526,3.493575557,2.029483346,1.350265157,1.225874237,1.345409871,1.00722623,9.970769512,Quercus buckleyi,"TRAVIS County, Texas",Rob Roy Ranch #5.,1933,NA,NA
TEX00378252,5.666666667,5.78212501,1.545414192,5.46396439,1.298498977,1.823643053,0.888179471,0.37412346,1.13781955,2.117030192,1.704464179,3.946021875,0.869527812,2.171330151,2.79636446,3.854352589,0.677674975,2.19261129,0.390211598,2.743813824,1.054911486,7.327539202,Quercus buckleyi,"TRAVIS County, Texas",Rob Roy Ranch #14.,1933,NA,NA
TEX00378253,5,6.015224466,1.788779092,5.115485075,1.184773222,2.891959776,1.453869065,0.814340911,1.303025518,2.490486601,1.327020673,3.12271711,1.304589191,1.868887024,2.739868343,3.505485029,1.244851241,2.00877425,0.687777912,2.134824022,1.178443923,7.804003558,Quercus buckleyi,"TRAVIS County, Texas",Upper Barton #5.,1933,NA,NA
TEX00378254,5,10.1532458,2.968138422,9.216210974,1.691231607,5.900791969,3.629481318,1.958022254,2.277661864,4.049683012,2.048040103,4.392982798,1.812282598,2.534012466,4.874216122,3.462304896,2.188694,1.695988813,0.694853825,2.35434465,1.144152885,13.12138422,Quercus buckleyi,"TRAVIS County, Texas",Austin. Travis Co.,1921,NA,NA
TEX00378255,5.666666667,8.079504185,2.297449693,7.326811668,1.239647624,2.533822664,1.572557363,0.819763138,1.946701839,2.757324219,1.779998269,5.575490925,1.532134819,2.244412134,3.48314273,3.615414697,1.270815268,1.598105927,0.680894385,1.799429568,1.110838503,10.37695388,Quercus buckleyi,"TRAVIS County, Texas",Rob Roy Ranch #25.,1933,NA,NA
TEX00378256,7,7.164972063,2.52209463,6.099591928,1.27525157,2.621511142,2.276997988,0.860574094,1.538858356,2.190395075,1.280033622,4.336116419,1.040065473,1.807729785,2.677460133,2.860948792,1.791960403,1.172182656,0.609351611,2.309023431,1.181057,9.687066693,Quercus buckleyi,"TRAVIS County, Texas",Rob Roy Ranch #15.,1933,NA,NA
TEX00378257,5.333333333,8.971176227,3.026287019,7.991696754,2.050791334,4.87362991,1.516727961,1.057440362,1.713424899,3.411651339,2.312162821,4.25819579,1.136519969,2.082397511,4.180283024,3.334455687,0.730831923,3.29263576,0.542322298,3.166388299,1.138985909,11.99746325,Quercus buckleyi,"TRAVIS County, Texas",Upper Barton #4.,1933,NA,NA
TEX00378260,5,8.720276542,2.579343736,7.897738435,1.673053711,5.130544283,2.568944677,1.310289894,1.792762026,3.593800539,1.783238824,3.684763515,1.34191579,1.75136125,3.941100631,3.422301412,1.5620883,2.000062674,0.774327852,2.687125733,1.104214114,11.29962028,Quercus buckleyi,"TRAVIS County, Texas",Austin.,1901,NA,NA
TEX00378261,6,8.394549741,3.317681654,8.204152283,1.687408818,4.019752202,3.072640796,1.18250484,1.268163819,3.724778861,1.818767154,4.460940975,2.50570305,2.32816294,3.942431137,2.529819322,2.0042028,1.327505358,1.075845039,1.480765852,1.025091087,11.71223139,Quercus buckleyi,"TRAVIS County, Texas",Austin.,1906,NA,NA
TEX00378262,5.333333333,6.080339164,1.947231252,5.763031249,1.309475651,2.730539173,1.665173816,0.836140537,1.16537901,1.958894276,1.461755872,3.674388261,0.919202519,1.614227161,2.720181125,3.129835788,1.32097878,1.822142706,0.573415863,2.10996976,1.056489646,8.027570416,Quercus buckleyi,"TRAVIS County, Texas",Rob Roy Ranch #23.,1933,NA,NA
TEX00378263,7,9.185530439,3.01705586,7.643468983,1.631091631,3.819241924,2.730378712,1.330475326,0.983466391,3.807123901,1.290173336,5.046410272,2.504356764,2.597433878,3.884430744,3.044735274,1.680510882,1.423312438,0.948852766,1.552493595,1.230373019,12.2025863,Quercus buckleyi,"TRAVIS County, Texas",Austin.,1912,NA,NA
TEX00378264,5,9.426422764,2.996022487,8.648410091,2.424939746,3.378311438,1.74828156,0.588510568,1.745394672,3.513904743,2.854773499,6.237816059,1.515852892,3.512054993,4.514423791,3.159475377,0.700675981,2.117132174,0.431582999,3.438366697,1.111180863,12.42244525,Quercus buckleyi,"TRAVIS County, Texas","Along Barton Creek, Gus Fruh Park, Austin.",1982,NA,NA
TEX00378265,5.666666667,8.222646629,2.834473732,7.497507186,2.020227518,2.905441446,2.020970687,0.869305553,1.62908632,3.027543284,2.606717253,5.54001766,2.079128441,2.738443285,4.377488568,2.907740543,1.001448886,1.498408166,0.752598237,1.551026829,1.149987037,11.05712036,Quercus buckleyi,"TRAVIS County, Texas","Waller Creek, east of University.",1901,NA,NA
TEX00378266,5,5.282264579,1.628717811,4.662581163,0.960206899,2.793202959,1.104779973,0.581100459,0.941156473,2.152277211,1.427774084,2.711888179,0.75716949,1.099373173,2.290953352,3.301488298,1.372830348,2.893224672,0.699882173,2.978599124,1.184477127,6.91098239,Quercus buckleyi,"TRAVIS County, Texas",Rob Roy Ranch #1.,1933,NA,NA
TEX00378267,6,6.022744566,2.465994641,5.354434265,1.004439128,2.242765379,1.560198695,0.761629585,1.591875028,2.242993302,1.345219137,3.529453556,1.19597234,1.709046124,2.731172132,2.464192069,1.561288959,1.564390503,0.703395066,1.934860002,1.128352422,8.488739207,Quercus buckleyi,"TRAVIS County, Texas",Austin.,0-00,NA,NA
TEX00378271,5.666666667,7.186009767,1.963852683,6.612216108,1.656566633,3.393000103,2.333714464,1.005370585,1.398609039,2.593197841,1.509640802,3.61835302,1.285950152,1.897272772,2.835654724,3.665885708,1.362376488,1.589571147,0.676932284,2.047079299,1.0840211,9.14986245,Quercus buckleyi,"Dallas County, Texas","Turtle Creek, Dallas.",1924,NA,NA
UAM006332,6.333333333,11.15117286,2.342667404,9.00150479,1.514812113,4.171558563,2.582675599,1.599767867,1.667903847,3.565914746,1.49608495,6.784867328,1.749218089,2.66078383,4.555070963,4.910792382,1.770667391,1.60725328,0.696617837,2.138991633,1.274512296,13.49384026,Quercus buckleyi,"Wise County, Texas","Decatur; Wise County Sherif's Posse (livestock buildings and rodeo arena), about 2 miles west of the intersections of Highways 81/287 & 51, off Highway 51. Growing at top of creekbank of Center Creek, on east side of property. Small, multi-temmed tree with small fruits.",2001,NA,NA
0067409MOR,7.333333333,11.16363602,3.187012467,8.822449679,3.504052147,2.855682636,3.5716973,1.667883641,1.791359581,3.288404735,2.536451418,8.685100056,3.183379041,3.69931908,5.288435769,3.506318028,1.02040069,0.807079569,0.863012753,1.036287668,1.269778197,14.35064849,Quercus shumardii,"Sebastian County, Arkansas","4.5 mi. N of Hartford, Sugarloaf Mt.",1992,35.0734434,-94.37345758
3197,8,15.25584199,4.999911028,12.61448443,2.40375736,5.03150135,3.883511342,1.824377082,2.109001707,5.074685565,2.042147581,10.21648833,2.36100213,4.332117427,6.363864872,3.043280021,1.553101923,1.43242521,0.622201565,2.547660777,1.212633692,20.25575301,Quercus shumardii,"Polk County, Arkansas","Pine-oak-hickory woods on slope. Ca. 5 miles W of Little Missouri Falls, ca. 3 miles N of Bard Springs, ca. 17.5 miles SE of Mena. Ouachita National Forest in Quachita Mtns.",1971,34.39130118,-94.01081063
45892,5.5,8.411163478,2.744541547,9.749590938,1.865589497,4.697133646,3.153408811,1.729476934,1.724152657,3.68966153,2.581499108,3.90353008,2.351163355,2.497046018,4.607124046,3.049486552,1.651382937,1.585902012,1.044134089,1.735078618,0.86239147,11.15570503,Quercus shumardii,"Logan County, Arkansas",Rim of bluff at Brown Springs,1962,35.16985788,-93.65075334
5217,6.19047619,11.72845211,3.69435673,11.03549823,2.073952094,4.313907165,3.017910113,1.661581888,3.231078729,4.870619201,2.659977795,7.473534488,2.636385718,3.241898303,5.607420092,3.2656639,1.413768861,1.542061886,0.79473462,2.043590311,1.088388377,15.42280884,Quercus shumardii,"Sebastian County, Arkansas","Base of bluff, next to observatory parking lot at Lookout on Midland Peak of Sugarloaf Mountain. 564 m above sea level. In the NE 1/4 of the NW 1/4 of Section 36, T5N, R32W; Huntington Quad.",1991,35.0734434,-94.37345758
5297,7.222222222,14.56108537,4.347577952,13.76823739,2.475174331,5.17535733,3.794794652,1.916870198,2.323899227,5.445615213,2.437276602,9.415498627,3.676234258,3.522632664,6.885445082,3.374058668,1.47860677,1.43357074,1.078114761,1.784601631,1.060125303,18.90866332,Quercus shumardii,"Pope County, Arkansas","Bona Dea Trails and Sanctuary, just S of Hwy. 326 (Dike Road), Russellville; Button Bush Bayou area.",1992,35.30597965,-93.14545667
5312,6.58974359,10.51298784,3.465305095,9.61404155,1.731413961,3.424087494,2.127144044,1.192717644,2.582485536,3.893435288,2.313530161,7.084864035,2.048258386,2.942386454,4.975804248,3.070500824,1.195753618,1.866042724,0.689054012,2.131686843,1.103027959,13.97829294,Quercus shumardii,"Yell County, Arkansas","Carden Bottoms, east of Holla Bend Wildlife Refuge; area adjacent to old oxbow lake; in the NW 1/4 of the SE 1/4 of Section 21, T6N, R19W; Holla Bend Quad.",1993,35.14083555,-93.05970442
53128,7.333333333,8.93837864,3.454440308,8.824794275,1.248052657,2.497064753,1.247636291,0.984129784,1.928285041,2.882432783,2.206962603,6.226265637,1.01710929,2.254094584,3.96055855,2.620511464,1.00215505,2.082675542,0.451698129,3.107003287,1.017702412,12.39281895,Quercus shumardii,"Sevier County, Arkansas",PLANTS OF ARKANSAS Sevier County Wooded bluff. P.O. Ben Lomond. Elevation ft. 400,1965,33.98400285,-94.24683578
6443,8.333333333,10.10225151,1.965771827,7.298113577,2.057288882,2.077556148,1.813006356,0.931734381,0.760571375,2.197212385,1.69202866,8.170300489,1.294322225,2.585311836,4.412172952,5.286322562,0.865990592,1.205892455,0.492480688,1.844008504,1.390911761,12.06802334,Quercus shumardii,"Johnson County, Arkansas","Bottomlands of Piney Creek, 11 mi. on St. Hwy 123.",1989,35.6856391,-93.24163951
6911,6.5,12.36835341,3.908883066,10.63518461,1.95257005,4.443178713,3.260043797,1.948975393,4.273303523,4.602283504,3.807418505,8.090589216,2.308686042,3.355742023,5.869611596,3.167976787,1.595796788,1.584401344,0.720772595,2.067243195,1.171080707,16.27723648,Quercus shumardii,"Logan County, Arkansas",11 mi. N. of Booneville on St. Hwy. 23.,1993,35.14000455,-93.92218021
6913,6.333333333,8.835215567,1.994278784,7.351146535,3.470525227,2.221964483,3.002083088,1.011384801,0.862629383,1.924636286,2.298058141,7.129721422,1.592621208,2.668945707,4.085303617,4.765175147,0.861198911,0.766748012,0.540364794,1.58348731,1.209180194,10.82949435,Quercus shumardii,"Sebastian County, Arkansas","Sugar Loaf Mt., Quachita National Forest, 18 mi. S. of Hackett on gravel road to observatory off Co. Rd. 252.",1991,35.0734434,-94.37345758
6959,7.166666667,12.94399398,3.532177528,9.889691083,3.2844422,3.835688893,3.697516266,1.513265386,1.827461326,3.788479565,2.621001089,9.346139243,2.174600989,3.473249642,5.737434699,3.707875247,1.123179783,1.056926248,0.64348381,1.794950057,1.308598937,16.47617151,Quercus shumardii,"McCurtain County, Oklahoma","10 mi. N of Broken Bow off U.S. 259, Beaver's Bend St. Park.",1993,34.13094622,-94.67733346
6964,6.666666667,10.28320683,2.299400319,8.780525141,2.839037766,3.340224742,3.46372308,1.272933252,1.476296424,4.116301424,2.036344726,7.164418494,2.80773164,3.477079443,5.050807669,4.580792381,1.214479054,0.985993163,0.805994296,1.488967736,1.173302067,12.58260715,Quercus shumardii,"Polk County, Arkansas","1 mi. N. of Acorn off St. Hwy 88, along side of RR.",1993,34.63547496,-94.26344584
ANHC003108,7.666666667,11.98691532,3.684555675,11.35116894,1.641416619,4.114185887,3.069424292,1.758012196,3.757668126,4.830996572,1.964090153,7.848063956,3.014986045,2.862673557,5.356931409,3.259279663,1.953721948,1.441117263,1.048970861,1.612802587,1.058623637,15.671471,Quercus shumardii,"Montgomery County, Arkansas",Ouachita Mountains. USGS Polk Creek Mountain 7.5' Quad. Caddo River at Mount Gilead Church Road. West of road and south of river.,2002,34.450658,-93.754725
APCR002274,7.666666667,6.504030771,2.212850914,5.481564875,1.663444513,1.910952029,1.671368646,0.898528165,1.711452765,2.213005819,1.860664722,4.631946882,1.216276512,1.854859403,3.041520984,2.959985775,0.983784378,1.183106619,0.65013602,1.858134558,1.188613393,8.716881685,Quercus shumardii,"Franklin County, Arkansas","Fraklin. 1 mile N, Franklin, side of stream.",1958,35.49889138,-93.85234799
APCR002276,7,8.550479793,3.097388202,6.600123192,2.207342245,2.169797082,1.979737965,0.764200589,0.823533781,2.524355129,1.531304957,6.361939554,1.679029983,2.4251003,3.820619221,2.773916074,0.849110108,1.377028612,0.680726769,1.594530378,1.30462978,11.64786799,Quercus shumardii,"Sebastian County, Arkansas",Lower pastures off of Chisolm Rd. T.6 R.29 Sect. 24.,1994,35.19633708,-94.25879353
APCR002403,7,14.30320546,2.977225738,9.257103494,4.60026647,3.525701472,4.543236951,1.717887224,1.277389652,3.487058004,3.403885578,11.27355608,2.737171767,4.332976696,6.343936213,4.815959587,0.976141883,0.814262662,0.622320054,1.293696353,1.561795728,17.2804312,Quercus shumardii,"Pope County, Arkansas","Ca. 3 m. SW of Atkins, poorly-drained woods margin.",1968,35.24346442,-92.94284127
APCR002404,5.666666667,14.35441491,3.086436636,12.46439499,4.380787498,6.296389368,5.147931022,2.184745422,2.31182406,4.871882916,4.035825401,8.350371375,1.709720221,4.467880307,6.622202032,4.648980068,1.204322248,1.224811067,0.394704654,2.93226369,1.161566766,17.44085155,Quercus shumardii,"Pope County, Arkansas","20' from house just south of retaining wall, above Arkansas R. SW 1/4 Section, T6N, R19W.",1998,35.2450191,-93.08482447
APCR002426,7,12.68359345,4.436416645,10.39805254,2.339166637,3.660051723,3.275904475,1.242570008,1.845788209,4.294831931,2.344421907,8.664545922,1.753993341,3.287906487,5.471537529,2.89151733,1.408184448,1.118157511,0.532032495,2.541184957,1.219605466,17.12001009,Quercus shumardii,"Pope County, Arkansas",Beneath bluffs south of Ouita rec. area on Lake Dardanelle.,1973,35.24887711,-93.16426684
APCR002427,5.666666667,9.513128327,3.195588323,8.648993445,1.773790106,5.089920507,3.943025809,1.948869569,2.662917072,4.265138807,2.1499143,4.385996526,2.155540758,2.274019456,4.272175712,2.963800163,2.212898071,1.297604802,0.964143173,1.972049897,1.100040714,12.70871665,Quercus shumardii,"Pope County, Arkansas","Pope county: Russellville, Quita Rec. Area, swamp below bluffs",1968,35.30201912,-93.16260718
APCR002428,6.333333333,10.59624393,4.265754083,9.918125997,2.197071289,4.66033847,4.095931414,2.052877457,3.764815924,4.144744991,2.81813479,5.851725593,2.180486657,3.208176932,4.559241353,3.352677631,1.793164409,1.221926339,0.660668802,2.048869648,1.070000242,14.86199801,Quercus shumardii,"Pope County, Arkansas","Pope county: below the bluffs at Quita Recreational Area near Russellville, Ark.",1970,35.30201912,-93.16260718
APCR002429,7,13.77550505,4.536985637,11.64307134,2.587251523,3.144893711,2.420872319,1.132316438,3.484253607,4.074647714,3.615086497,10.36184683,2.456097141,3.075789087,6.508750302,3.028979453,0.964611233,1.296361776,0.801828765,1.645901219,1.195424299,18.31249069,Quercus shumardii,"Pope County, Arkansas",Quita Park area,1971,35.30201912,-93.16260718
APCR002430,8.666666667,11.41942223,3.349875378,10.47034169,1.582263766,2.195671277,1.054644518,0.696493988,1.826046294,2.48192914,1.979895421,9.203358213,1.21897388,2.415992705,5.20801807,3.437131734,0.677577782,2.090615715,0.491934229,2.155048052,1.089163959,14.76929761,Quercus shumardii,"Pope County, Arkansas",Pope County: Quita State Park; overcup swamp,1974,35.30201912,-93.16260718
APCR002431,8,10.30871172,3.441273676,8.920765609,1.306722321,3.046086719,1.158222924,0.948082563,1.959190967,2.99501907,1.664940175,7.353451339,1.121776436,2.423337354,4.305950944,3.266785055,0.870347992,2.874460398,0.467029343,2.674252732,1.157462981,13.7499854,Quercus shumardii,"Pope County, Arkansas","Pope County, Quita Park, down behind bluff on back side of park.",1974,35.30201912,-93.16260718
APCR002432,7,14.68095998,4.639816851,12.76671128,3.083106488,7.146721213,5.27579984,2.453676482,1.340994832,6.609716906,2.17176258,7.673980403,3.905066936,4.524040535,7.146718085,3.163906791,1.711354459,1.354415601,0.851484805,1.762903742,1.154425797,19.32077683,Quercus shumardii,"Pope County, Arkansas","Pope Co., T8N, R20W, NW 1/4 of sec. 31. Low area near swamp east of Quita State Park.",1981,35.30201912,-93.16260718
APCR002433,9,15.35652606,4.442077141,10.00386805,3.388455923,3.128475,2.208537984,1.310825242,1.10098397,3.20631058,1.923110351,12.67713762,2.213261524,3.633600458,7.015255718,3.457059743,0.651783005,1.416536651,0.609109766,1.448681299,1.535058838,19.7986032,Quercus shumardii,"Pope County, Arkansas","Pope County: Russellville West Topo Quad. Russellville; Bona Dea Trails and Refuge, adjacent to Lake Dardanelle, on south side of Lakeshore Drive (formerly Dike Road), Hwy. 326; Lat./Long.; N 35.180762 W -093.0936676; T8N, R20W, SE 1/4 of NW 1/4 of Section 31; south side of the northern swinging bridge trail, in between trail and the water.",2009,35.30597965,-93.14545667
APCR002436,7.333333333,14.00632085,4.271116065,13.07527125,1.8609943,3.671085926,2.53531609,1.554583402,3.256722423,4.133262402,2.227347377,10.17200196,2.327982085,3.722643141,5.742077147,3.282442905,1.295305269,1.575020739,0.611639123,1.85841192,1.077897023,18.27743691,Quercus shumardii,"Pope County, Arkansas",Bona Dea Trails T8N R20W Sec31,1996,35.30597965,-93.14545667
AR0239,7.333333333,13.35483238,4.488788997,10.84035546,3.586450249,4.109072264,4.705271146,1.97316444,2.498340911,4.227763801,2.264545373,9.272935467,3.207866955,4.116467073,5.177074747,2.98190896,1.331516008,0.900955685,0.77614353,1.33211094,1.239176681,17.84362138,Quercus shumardii,"Sebastian County, Arkansas","Arkansas River Valley. Along Pigeon Creek, approximately 1/8 mile west of the Sebastian/Logan County line. T6N R29W S23 NE1/4 NE1/4",2002,35.18552114,-94.08204735
BRIT319824,5,8.172192496,3.099134947,9.846540451,1.942520107,5.074289863,4.438035265,2.158653088,2.260627426,3.957219584,1.862980016,3.04464028,3.126166991,1.97815917,4.088353122,2.670939997,2.395265337,1.232789067,1.59018447,1.289983202,0.852973878,11.27132744,Quercus shumardii,"Logan County, Arkansas",Rim of bluff at Brown's Springs. Under bluff in places.,1966,35.16985788,-93.65075334
BRIT319829,7.333333333,9.461632025,3.553252874,9.632250058,1.777555925,2.556084547,1.830044782,0.834483368,2.968169887,2.998703262,2.596458303,7.125300277,1.204491798,2.570607671,4.384057656,2.672195941,1.04402998,1.516411093,0.480895769,2.508008578,0.986577522,13.0148849,Quercus shumardii,"Sevier County, Arkansas",Wooded bluff.,1965,33.98400285,-94.24683578
GA136757,6.666666667,10.21993213,3.422529424,9.116113624,2.40206622,3.415675025,2.963646894,1.404556658,1.980521415,3.590688414,2.710468335,6.617456228,2.02157744,2.951657645,4.844540642,3.005235742,1.222653291,1.27554125,0.673354875,1.885403982,1.129425681,13.64246156,Quercus shumardii,"Sevier County, Arkansas","Sevier County, AR",1962,33.98400285,-94.24683578
GA152120,6.333333333,8.39132189,3.077066207,7.657174272,1.73923764,2.725229814,2.115857373,1.078734169,2.474026573,3.133395133,2.325093097,5.721467762,1.636170523,2.257415304,4.035237484,2.732012811,1.185765009,1.348617851,0.69983963,1.970111539,1.107298354,11.4683881,Quercus shumardii,"Le Flore County County, Oklahoma","Le Flore County, OK. 18 in. D.B.H. Flat woods in high bottoms of Kimish River.",1962,34.88869335,-94.73773394
GA152121,6.666666667,9.578359335,3.251665205,7.416347679,1.819255791,2.158617362,1.875945862,1.116402117,1.299337046,2.19091913,2.402637511,7.542639894,1.241409131,1.865561496,4.145261239,2.986172773,1.024354327,1.161978849,0.615385775,2.065009685,1.291617248,12.83002454,Quercus shumardii,"Montgomery County, Arkansas","Montgomery County, AR.",1962,34.51745953,-93.64335599
HXC005393,7,10.10610984,3.354835734,8.547375914,1.964662507,2.642788804,1.666470759,0.742254157,2.052321487,2.786248961,2.740566572,7.660752446,1.391662411,2.726127456,4.447863457,3.013028627,0.87894676,1.610905002,0.510918377,1.999586756,1.184223959,13.46094557,Quercus shumardii,"Montgomery County, Arkansas",North of Norman on Caddo River,1932,34.4008025,-93.4504494
IND-0064239,7,8.863029624,3.490673481,8.937548379,1.240705053,3.504567666,2.72659377,1.522732299,2.647083446,3.534829938,2.073222123,5.324029276,1.84774739,2.216398211,4.395428068,2.569523192,2.121172521,1.486103505,0.859230045,1.916248043,0.994935554,12.3537031,Quercus shumardii,"Sevier County, Arkansas",Ben Lomond,1932,33.98400285,-94.24683578
LSUS000420,8,9.64142741,2.27271487,6.912151958,1.91360863,3.937721914,3.322110319,1.595560366,1.518630573,3.15231583,2.388178006,5.489662362,1.500589033,2.126039368,3.615259331,4.232029859,1.695310222,1.235939693,0.711544369,2.218259185,1.396791498,11.91414228,Quercus shumardii,"Polk County, Arkansas",Ouachita Mountains Biological Station,2002,34.46246292,-93.99829963
LSUS000421,8.666666667,14.25307421,2.993349857,13.16680192,2.85346027,4.618783214,3.5559053,1.993760662,1.625503763,4.507760313,2.299206825,9.954412336,2.325665365,3.341793984,6.837820459,4.749594587,1.265562348,1.345429427,0.700467701,1.94586853,1.097805998,17.24642406,Quercus shumardii,"Polk County, Arkansas",Ouachita Mountains Biological Station,2002,34.46246292,-93.99829963
LSUS000422,8.333333333,12.59674038,2.721191783,11.13243295,3.895111218,5.478610402,5.104462321,2.097325904,0.957324161,4.78653894,1.93028318,7.379553811,2.164165849,3.336309913,6.16629143,4.83109393,1.279962706,1.139453712,0.640293675,2.29242342,1.130322785,15.31793216,Quercus shumardii,"Polk County, Arkansas",Ouachita Mountains Biological Station,2002,34.46246292,-93.99829963
LSUS000423,8.333333333,12.0952686,2.891156469,10.13745954,2.973322186,4.177989494,3.2641089,1.96882616,1.760089248,3.816997909,2.302658198,8.119227163,2.105480003,2.90459002,5.435150953,4.407830489,1.105940746,1.311814892,0.717129309,1.995367501,1.189709419,14.98642507,Quercus shumardii,"Polk County, Arkansas",Ouachita Mountains Biological Station,2002,34.46246292,-93.99829963
NCU00124120,8.5,11.63240606,2.876834656,8.760815261,3.327631272,3.503602784,3.807738487,1.558357976,1.202705728,3.505260251,2.95160736,8.101405352,2.798670983,2.981400087,5.116690097,4.053988587,1.140160292,0.926520053,0.932406392,1.25187829,1.346936579,14.50924071,Quercus shumardii,"Pope County, Arkansas","on road to Mill Ck [Creek] I believe that this is shumardii (7) Typical north RS [illegible] mts [illegible] Ark. On road to Mill Creek, Pope Co. Ark.",1924,35.3259542,-93.21239838
UAM006667,7,8.648676695,1.915824295,7.014565276,1.977080006,2.312329642,1.760816939,1.111228038,1.659706635,2.472083662,2.22410274,6.583120167,1.392889269,2.095508942,4.022753766,4.568430702,0.879712675,1.385319721,0.648619469,2.397041307,1.234042314,10.56450099,Quercus shumardii,"Howard County, Arkansas","Howard Co. Hwy 4 at the Cossatot River, E of Wickes. Rocky slope.",1997,34.21015942,-94.22890572
UAM006668,6,9.148680287,2.215731616,8.436598026,2.36692552,3.745057536,2.70648158,1.70645415,1.691054999,3.230644707,2.13068549,5.668068092,1.417294982,2.443828945,4.31523928,4.14337398,1.169773542,1.386217215,0.581669545,2.277401143,1.086939127,11.3644119,Quercus shumardii,"Crawford County, Arkansas",Near Natural Dam,1955,35.65047385,-94.39646028
UARK031417,7.666666667,11.1521705,3.705444129,8.402062043,2.080899892,2.475690798,1.789434678,1.274453751,1.25029817,2.269587857,2.757575814,8.843592693,1.397773657,2.429452065,4.744571029,3.001972389,0.866465845,1.418819119,0.605047373,1.637264128,1.325528334,14.85761463,Quercus shumardii,"Crawford County, Arkansas",W. of Mt. Burg. Floodplain of Frog Bayou,1968,35.63539228,-94.16755086
UARK031421,9.666666667,14.88782751,2.776642841,11.58384249,2.409735593,2.965289282,2.31699232,1.165622068,2.108914069,3.883743873,2.770232895,11.95626191,2.334484699,3.278675665,6.850329927,5.364871337,0.966553388,1.277226292,0.723280663,1.688333697,1.28438105,17.66447035,Quercus shumardii,"Franklin County, Arkansas","White Oak Rec. Area, E of Mulberry, Arkansas near Arkansas River.",1978,35.55027876,-93.85736072
UARK031425,7,16.60287616,4.508935499,15.84718449,3.352262155,5.91696638,4.637714145,2.198432493,3.67819533,6.944721649,3.18313717,10.64624176,4.488398286,4.117659644,8.248376273,3.702892748,1.380857049,1.28739938,1.083903987,1.565791225,1.050326309,21.11181166,Quercus shumardii,"Howard County, Arkansas","West Gulf Coastal Plain. Stone Road Glade Natural Area: Off Hwy 369 on Weyerhaeuser logging roads; 12 air miles west of Murbreesboro; T8S, R77W, S8, NW 1/4",2002,33.95778867,-93.85023306
UARK031426,5.666666667,7.401383528,1.983617886,6.038296444,1.492501955,2.804430613,1.19579297,0.671518247,2.056865675,2.622086808,1.528120344,4.600769116,0.785350808,1.770532541,2.64833138,4.04444798,0.800080307,2.34782908,0.43205051,4.908839984,1.242090502,9.385001414,Quercus shumardii,"Franklin County, Arkansas","Franklin, Sec. 31; T17N, R7W.",1965,35.49889138,-93.85234799
UARK031431,9,13.7320061,3.593755868,12.23596642,2.646937024,2.816709435,2.018476627,1.253485094,1.325991594,2.949739872,1.621040628,11.22724078,1.414948124,2.805208324,6.426039165,3.872309953,0.762702891,1.396412448,0.504384906,2.085855883,1.121299478,17.32576197,Quercus shumardii,"Johnson County, Arkansas","By circle drive with picnic tables, at Spadra Marina; ca. 3 mi. S of Clarksville.",1991,35.42666299,-93.4776185
UARK031433,8,8.633343082,2.787370969,7.478332297,1.567941655,2.6237185,1.875926379,1.124305106,1.457260451,2.709431838,1.702215641,6.051819878,1.477136909,2.162916605,3.755361827,3.111069907,1.107757086,1.63749087,0.633117229,2.221226374,1.150943493,11.42071405,Quercus shumardii,"Montgomery County, Arkansas","Ouachita Mountains. Hovell Creek at AR 2 and Sweet Home Road. Reed Mountain Quad, T2S, R24W, Sec 16, NW 1/4.",2002,34.57481479,-93.56187943
UARK031434,8,9.734323831,1.375945483,7.174140641,3.19170894,2.572000686,3.006494228,1.162658099,0.641707345,2.749162981,2.380117008,7.621619673,1.606994633,2.796526239,4.734378453,7.184371457,0.930283222,0.855998027,0.56594383,1.654433025,1.384170477,11.11026931,Quercus shumardii,"Montgomery County, Arkansas","Ouachita River near bridge on US 270, 5.2 mi. NW of Mount Ida. SE 1/2 SW1/2 S32 T1S R25W",0-00,34.55188094,-93.62902799
UARK031437,5.666666667,8.783459166,3.661729641,8.603703359,3.013932223,2.641932614,3.014172997,0.75690579,2.263254937,3.672795527,2.542927245,6.212081949,2.828487271,2.962178556,4.890200832,2.426205743,1.013973038,0.877177195,0.956989776,1.290910651,1.019430498,12.44518881,Quercus shumardii,"Polk County, Arkansas","Brushy Creek. NW?Sec. 29, T4S, R30W. Umpire Quad.",1976,34.43655017,-94.21756631
UARK031442,8,9.109081949,3.286537148,7.948580716,2.465675299,3.437509081,3.042090565,1.673903458,0.904199508,4.479105696,1.892519218,6.220621194,3.070990574,3.20197106,5.439076773,2.771635171,1.23377582,1.129982493,0.959093795,1.458521473,1.146001063,12.3956191,Quercus shumardii,"Sebastian County, Arkansas","Base of bluff, next to observatory parking lot at Lookout on Midland Peak of Sugarloaf Mountain. 564 m above sea level. In the NE 1/4 of the NW 1/4 of Section 36, T5N, R32W; Huntington Quad.",0-00,35.0734434,-94.37345758
UARK031443,6.666666667,10.9907295,4.663248709,10.87423696,2.294645496,2.825873397,2.755000009,1.337379671,3.449762149,3.519992425,3.033102488,7.998335735,2.248086767,2.445524425,5.461533211,2.358510998,1.130698656,1.299260589,0.905890711,1.639996439,1.011164355,15.65397821,Quercus shumardii,"Sebastian County, Arkansas","SE of intersection of Ark. Hwy. 22 & Ark. Hwy. 96; Sec. 5, T7N, R30W. Ft. Chaffee Army Base",1988,35.31832923,-94.30339479
UARK031449,7,14.34721195,4.164558882,15.68001223,1.952051362,6.0229821,3.640923575,2.257488103,4.316984967,5.22897675,2.695002783,8.328082826,2.40891592,3.418899382,6.934373226,3.442920872,1.623119216,2.220470173,0.813852859,2.718705632,0.915306779,18.51177083,Quercus shumardii,"Yell County, Arkansas","Near Petit Jean River, about two miles SW of Havanna. T5N R24W S16 SE1/4 SW1/4.",2002,35.11483122,-93.53073372
UARK031453,9,9.32911806,2.619355593,6.425610146,2.098202492,2.691106276,2.749420278,1.334786241,1.225676174,2.332447171,1.592655105,6.799858436,1.507270135,1.875012493,3.855707541,3.59314,1.281323959,1.000363516,0.760208938,1.858647158,1.462291236,11.94847365,Quercus shumardii,"Yell County, Arkansas","Mt. Nebo, Yell County, AR",1924,35.21727675,-93.24646006
UCA006582,7.666666667,12.29758424,5.474610708,11.30049514,2.058255462,4.507346281,2.945583507,1.808278444,3.198745772,3.699141496,1.898372251,8.219260308,2.170535249,3.153004147,5.176754074,2.255543515,1.424566678,1.545589822,0.699581673,1.757103377,1.088624341,17.77219494,Quercus shumardii,"Johnson County, Arkansas","Spadra Park, exit 58 at Clarksville, 5 mi. S of I-40. (NW 1/4 sect. 13, T9 N, R23 W)",1996,35.4244686,-93.47901325
UCA006584,7,11.1821056,3.078256003,11.77915747,1.933334722,3.355709573,2.285056276,1.085548574,3.617756507,4.388703377,2.082180177,7.975110425,1.804466608,3.206816304,5.671028921,3.645601611,1.203596094,1.502691063,0.563603491,2.460708251,0.947486383,14.2603616,Quercus shumardii,"Johnson County, Arkansas","Lake Dardanelle at Spadra Park. Medium size oak growing in dry soil 20 yards N of the bluff on the extreme W end of Spadra Park, just west of the bathrooms. Tree 40' tall, 18"" DBH. (SW 1/4 of NE 1/4 of NE 1/4 of sect. 19, T19 N, R23 W)",1996,35.4244686,-93.47901325
UCA006585,7,11.81662733,3.863404796,10.27481452,2.163365629,2.81633782,1.92042834,1.005871393,1.916922455,3.228900645,2.918800825,8.986773174,1.525541824,3.15442343,5.188041267,3.035924108,0.894898272,1.459591471,0.470907938,2.147145394,1.142272642,15.68003213,Quercus shumardii,"Polk County, Arkansas","NW of Mena in the around High Point. Girl Scout Camp-Lowland forest; Canopy: Oak Southern Red Oaak. subcanopy: Sycamore, Sweet gum, Maple T25. R30W, NW1/4, S32",1980,34.58405746,-94.23855034
UCA006587,7.666666667,11.4945583,2.987707801,10.3885748,2.357459373,3.453422979,2.994152699,0.993594139,2.614703033,3.386118711,2.277588653,8.037174752,1.980170501,2.940836697,5.131172026,4.063445455,1.193571783,1.330269649,0.657601148,1.685174037,1.106064833,14.4822661,Quercus shumardii,"Yell County, Arkansas","Private farm 1/4 mi. E of jct. with co. rd. 49 on co. rd. 433, 1 mi. S of jct. with AR Hwy 28, 4 mi. S of Dardanelle. (S 1/2, Sect. 24, T6N, R21W).",2001,35.23170007,-93.16138765
0065785MOR,7.5,11.59047313,4.44343522,9.114579593,2.60618144,3.648131574,2.834871488,1.407753395,2.444446342,3.245082271,3.725101507,7.237075623,1.382628,2.613815007,4.564915787,2.593365649,1.09038042,1.291441484,0.528915392,2.343622054,1.266744394,16.03390835,Quercus rubra,"Yell County, Arkansas",HWY 309 N towards Magazine Mtn from the South.,2004,35.1300484,-93.52506883
0067151MOR,7,10.81936703,3.550729138,9.238461045,2.177866942,5.019204458,3.009701548,1.935029196,1.725962189,3.128900391,2.403391745,6.050684239,1.285316016,3.225601203,4.107957445,3.123100816,1.361776087,1.684194788,0.439189496,2.834427121,1.19941544,14.37009617,Quercus rubra,"Logan County, Arkansas","17 mi. SE of Paris off St. Hwy. 309, & 1 mi. W of Junction & on top of Magazine Mountain, Ozark Natn'l Forest.",1986,35.16985788,-93.65075334
0067152MOR,8.333333333,17.56916709,6.406565956,13.53405346,3.545652149,5.540364024,3.833399187,2.070090766,3.185085467,5.158101438,4.315414462,11.97777699,3.044749925,4.77917217,7.052655156,2.763658471,1.057021492,1.581497111,0.617036483,1.809350861,1.297228506,23.97573305,Quercus rubra,"Logan County, Arkansas",Near Blue Mountain,1923,35.13156534,-93.71550629
0067153MOR,7,15.66451133,5.376522234,15.67823602,1.9845708,4.084713588,1.878447763,0.644934707,4.258977889,4.350044838,3.802790269,11.66244994,1.816449502,4.057585316,7.052357255,2.913502567,0.946525951,2.1745154,0.447667605,2.394806369,0.999124602,21.04103357,Quercus rubra,"Logan County, Arkansas","Magazine Mountain, Camarron Bluff area.",1997,35.16985788,-93.65075334
0067154MOR,9,16.81451809,3.164791667,13.95207261,4.246378947,5.004277455,5.369807491,1.750606582,1.361571667,5.385250559,3.582191772,11.92816873,3.749352106,4.63250085,7.526501848,5.950506486,1.282902266,0.942035301,0.882852722,1.614415586,1.217932266,19.97930976,Quercus rubra,"Logan County, Arkansas","22 mi. SE of Paris off St. Hwy. 309, Cameron Campgrd., Ozark Natn'l Forest, on top of Magazine Mountain.",1986,35.16985788,-93.65075334
0067155MOR,7,17.06018809,5.167739799,15.51659994,3.678817267,7.547500774,6.723995757,3.589022258,1.86107143,4.89346983,3.990608027,9.896273083,2.080631979,4.919050655,6.359097722,3.333939712,1.612548696,1.404211156,0.460074339,2.543612743,1.11573112,22.22792789,Quercus rubra,"Logan County, Arkansas","11.5 mi. SE of Paris & 3 mi. S of Cove Lake off St. Hwy. 309 Ozark Natn'l Forest, on road to Magazine Mountain.",1986,35.16985788,-93.65075334
0067158MOR,7,10.01674377,2.26623161,8.877883755,1.911613789,3.018513174,2.32355744,1.373296774,2.982271559,2.778993713,2.494542491,6.994422218,1.207793764,2.561671823,4.268748863,4.421941639,1.252005236,1.286404922,0.474209888,2.292357624,1.132997223,12.28297538,Quercus rubra,"Logan County, Arkansas","22 mi. SE of Paris off St. Hwy. 309, Ozark Natn't Forest, top of Magazine Mountain, 0.8 mi. W of Brown Spring on road to lookout.",1988,35.16985788,-93.65075334
0067159MOR,9.5,13.36960544,3.809838217,10.16008071,1.873463116,3.744699359,2.716367024,1.767021072,1.834653761,2.711206898,2.128622892,9.847731532,0.908874706,3.112744366,5.003407671,3.520969545,1.420402355,1.495143276,0.298734811,3.033885799,1.327610288,17.17944365,Quercus rubra,"Logan County, Arkansas",Top of Magazine Mountain,1923,35.16985788,-93.65075334
0067160MOR,9.333333333,17.48737332,3.532367116,13.96658075,5.324283077,5.711475752,6.419901153,2.63014902,2.575778046,4.90224327,3.508407505,11.91970933,2.746374259,3.905513767,7.956844134,4.965412978,1.195835769,0.895023377,0.689532684,1.82995167,1.251600955,21.01974044,Quercus rubra,"Logan County, Arkansas","22 mi. SE of Paris off St. Hwy 309 Ozark Natn'l Forest, south facing slope of Magazine Mountain.",1989,35.16985788,-93.65075334
0067442MOR,8.666666667,16.8260862,4.01755056,12.68110841,3.34131885,4.317404507,3.447332888,2.123763237,1.722882674,3.764650483,3.061145112,12.99805384,1.291515854,3.909863659,7.267864496,4.160699189,1.042478873,1.261035086,0.334509641,3.247471158,1.338555488,20.84363676,Quercus rubra,"Le Flore County, Oklahoma","North side of Rich Mt., half-way up, near Page.",1913,34.73152271,-94.46747245
0067472MOR,8,15.67015145,3.7376687,10.39967823,2.338267429,2.347061017,1.46739408,0.928777438,4.286355361,2.337713464,6.285468877,13.45605517,1.093192128,2.949787812,6.464208785,4.192493425,0.627556139,1.599475593,0.370600259,2.13842874,1.506791952,19.40782015,Quercus rubra,"McCurtain County, Oklahoma","Valley forest, Mt. Fork River Beavers Bend State Park 10 mi. N of Broken Bow.",1981,34.13289885,-94.68027463
0067474MOR,8.5,14.42123773,4.697675281,12.41198342,2.338733391,4.478632039,2.670829482,1.878038907,2.283066432,3.670415509,2.378914909,10.44052811,1.579820237,3.125376054,6.490115667,3.071218702,1.147364643,1.679146437,0.507570094,2.340783427,1.167299507,19.11891301,Quercus rubra,"Le Flore County, Oklahoma","North Slope of Kiamichi Mountain, 3.5 miles South of Muse.",1966,34.62666666,-94.81501396
0067475MOR,7,8.37258975,2.308105484,7.680847175,2.795256722,2.727318493,2.441438053,0.960654475,0.647241179,2.810251196,2.272673712,5.724028368,1.323234259,2.56332431,3.949670061,3.97948281,0.824868427,1.285100255,0.50478316,2.303199316,1.112359022,10.68069523,Quercus rubra,"Le Flore County, Oklahoma","In valley of Kiamachi River, 1/2 mile south and 1 mile west of Big Cedar.",1966,34.64662131,-94.65017657
0067495MOR,7.5,13.25078825,3.434716257,9.611560405,1.949184798,4.81863301,3.303145402,2.10140672,2.241614899,3.84362026,2.479366627,8.437736703,1.231462674,3.655198981,4.769549601,3.858532381,1.688821747,1.474644326,0.337045025,3.166664279,1.418523865,16.68550451,Quercus rubra,"Le Flore County, Oklahoma","From the north side of Rich Mt. near the top about 2.5 miles Northeast of Big Cedar, Oklahoma",1977,34.64662131,-94.65017657
199418,5.666666667,13.85390534,4.12070417,9.350799527,2.498405424,6.470202822,3.301199992,2.159077779,2.501303742,4.515107494,3.047975964,7.100570486,1.408279957,3.593209846,5.333149229,3.399934963,1.300076808,2.043467464,0.403643718,3.306305783,1.490879386,17.97460951,Quercus rubra,"Pope County, Arkansas","10 mi. NE of Bayou Bluff Recreatin Area, along AR 27, ca. 17 mi. NE of Hector.",1986,35.52385777,-92.94434171
325699,7.5,14.64851919,4.57833558,8.716352951,3.126470669,4.171927366,3.045845922,1.872302267,1.224783642,3.581885046,2.820238722,11.11859342,1.719315914,3.884017319,6.543050182,3.200876525,0.959101139,1.367876184,0.464082789,2.056125054,1.695123817,19.22685477,Quercus rubra,"Scott County, Arkansas","Jct Hwys 71 Business & 80 in Waldron, 4.5 mi N, 3.0 mi E",1999,34.93284268,-94.10279454
353911,8.666666667,12.09988988,2.694138128,9.761766351,3.057073281,3.694398174,3.147818209,1.303929896,1.655372422,3.198460434,2.642928045,8.853711821,1.342758843,3.025221897,5.306125476,4.515768155,1.013196067,1.233732722,0.459807374,2.702094361,1.23533118,14.79402801,Quercus rubra,"Franklin County, Arkansas","Fern, 3 mi E",2005,35.49889138,-93.85234799
ANHC003022,9,18.05111863,5.026727532,14.54881312,2.7568879,4.875807454,2.275290672,1.923040931,1.907767255,4.261573087,3.005635082,13.22483272,1.371168464,4.771723335,6.976183667,3.61058201,0.803149475,2.304199423,0.284950518,3.137748528,1.256147877,23.07784617,Quercus rubra,"Montgomery County, Arkansas","Ouachita Mountains. USGS Bonnerdale 7.5' Quad. Pigeon Roost Mountain. Caddo Rifle Range Road, just east of junction with Pigeon Roost Road.",2002,34.4008025,-93.4504494
APCR002230,9.222222222,15.81447649,4.139000056,13.44909332,3.246113134,4.962564371,4.51277163,2.19885325,2.373712585,4.531913793,2.746028363,10.89518607,2.432757583,3.530586716,6.724344226,3.898134157,1.322482491,1.302394647,0.653164124,2.225649236,1.185395105,19.95347654,Quercus rubra,"Sebastian County, Arkansas","Sugarloaf Mountain, N of Hartford; SE 1/4 of Sect. 35, west side of road just N of intersection of road that runs over the top with the Observatory road.",1992,35.0734434,-94.37345758
APCR002251,9,15.1937889,2.978472709,12.74485592,4.446791045,3.948127301,3.822352869,1.392350542,1.821799145,3.460561177,4.993243998,11.75290276,2.361232788,4.114787353,7.221583243,5.372786351,0.777772914,1.149046813,0.540510654,1.652296394,1.219904514,18.17226161,Quercus rubra,"Logan County, Arkansas",Logan County: Magazine Mt.,1971,35.16985788,-93.65075334
APCR002252,9.333333333,16.1299222,3.984036805,12.1681486,1.807828424,3.490602444,1.89126232,1.381822639,2.383382788,3.398242707,3.544255044,12.71627027,1.405638324,3.891334261,6.558313415,4.053676877,0.971137666,2.188474879,0.385052656,2.982052224,1.327691545,20.113959,Quercus rubra,"Logan County, Arkansas","Logan County: Mt. Magazine, ""Tucker Dam area""",1971,35.16985788,-93.65075334
APCR002253,10.33333333,17.15779545,3.591189389,13.1303055,3.17189939,4.246403863,3.477615964,2.000351688,1.586788559,3.324401322,2.291778414,13.14653025,1.553557222,3.773230701,6.756302793,4.786724263,1.003512797,1.383293023,0.387515594,2.201842762,1.31568944,20.74898484,Quercus rubra,"Yell County, Arkansas","West slope of Dutch Creek Mnt. edge of highway 27, 1 mile of intersection of Hwy 80, and .6 mile from Forest Route 67, in Section 1, T4N, R23W.",1996,34.95863334,-93.62728779
APCR002399,9,11.39549317,3.252682492,8.579823321,2.190585224,3.598584036,2.82744536,1.121810978,1.331629794,3.747169938,2.392808914,7.841455368,1.993791187,3.104651815,4.75879258,3.674779994,1.174926778,1.492330788,0.620019859,2.158176834,1.331901639,14.64817566,Quercus rubra,"Pope County, Arkansas","Pope Co., 10N, 20W, SW, NE, sec. 6. Long Pool Rec. Area, just north of campground on log road.",1981,35.549931,-93.161766
APCR002401,8.5,13.8516104,4.208893907,11.83922516,3.496226432,3.711016707,3.566981687,0.981926861,2.641554914,4.330026954,3.050225932,10.63635075,3.408311859,4.242122662,7.08643653,3.361014141,1.008703164,1.094805148,0.795804442,1.300009563,1.174511924,18.0605043,Quercus rubra,"Pope County, Arkansas","Pope County: Big Piney Vista; northeast 40 acres of northeast 1/4 of sec. 5, T10N, R20W.",1973,35.549931,-93.161766
BRIT319828,5,8.097490634,3.607381965,9.861070898,1.840835277,3.54435953,3.468994863,0.958237955,2.744538531,3.670988963,2.160139,4.63536825,2.137785145,2.527491352,4.250225824,2.244700094,1.884467832,1.021725217,0.84581304,1.717192662,0.821157328,11.7048726,Quercus rubra,"Searcy County, Arkansas",Arkansas Searcy County. Cove Creek Banks.,1964,35.83232089,-92.56539924
GA136700,5.5,12.95847448,4.352833141,12.03020022,2.064988622,6.554100515,4.011488633,2.063244538,3.221894413,5.716209353,3.056342955,5.778723485,2.893265672,2.990609994,5.219006665,2.988263554,1.900527464,1.754224438,0.932184105,2.488135277,1.085169613,17.31130762,Quercus rubra,"Logan County, Arkansas","Logan County, AR. Cameron Bluff area of Magazine Mt. Sec. 22. R. 25 W., T. 6 N. Alt. 2700 Feet.",1965,35.16985788,-93.65075334
GA136715,9,14.52743593,4.010005795,10.6064473,2.583826776,3.432932072,2.675234877,1.862242153,1.711048225,3.377187772,2.966438147,11.17634157,1.947492584,3.152130211,6.407442244,3.965180008,1.036394112,1.288893798,0.614902954,1.824705516,1.447898464,18.53744173,Quercus rubra,"Montgomery County, Arkansas","Montgomery County, AR",1962,34.51745953,-93.64335599
LSU00079625,6,17.32252131,3.858296765,12.90526054,5.979669142,4.03458129,4.639857234,1.894035169,1.627590151,4.152983533,6.357904664,13.68259522,1.753542608,5.439188821,8.122200279,4.488775024,0.764365099,0.92880275,0.322239064,2.386059267,1.342071734,21.18081807,Quercus rubra,"Crawford County, Arkansas",North corner of Hwy. 71 and Rudy Road. North facing slope near the lake.,1975,35.62734922,-94.17192165
LSU00079634,7.666666667,13.39793878,3.766412401,12.21977238,3.068954696,4.705299228,3.970663523,1.511394371,1.698327223,4.007168344,3.233905512,9.368191395,2.510777947,3.314675106,6.134955536,3.638233034,1.176143651,1.562738266,0.750536966,1.670723744,1.092232847,17.16435118,Quercus rubra,"Polk County, Arkansas",Mena; Rich Mountain. Ouachita National Forest,1966,34.69076455,-94.3373321
LSU00185024,7.333333333,10.81018103,2.959516864,7.559308903,2.49793033,3.554750967,2.794842351,1.204154079,0.821229353,2.833839304,2.28357365,7.216693643,1.383921353,2.929819072,4.237777305,3.789006125,1.105628395,1.26397143,0.458734757,2.112098217,1.431154348,13.7696979,Quercus rubra,"Polk County, Arkansas",3 mi SW of Big Fork,1974,34.4867419,-93.96992174
LSUS000424,10.5,16.50427725,3.449111626,14.01568891,2.574443536,3.144566181,1.967276007,1.350380977,0.51721746,3.243784569,2.45282719,13.26916434,1.726748357,3.263580154,7.205785608,4.784666092,0.762595866,1.621951461,0.531130569,1.947075837,1.179296474,19.95338888,Quercus rubra,"Polk County, Arkansas",Ouachita Mountains Biological Station,2002,34.46246292,-93.99829963
LSUS000426,10.5,15.713225,2.323049562,14.09018509,3.105560701,2.691880896,2.59944855,0.739851256,0.88234718,3.854697075,2.23225524,13.41547284,2.069955982,3.548283469,7.910306206,6.779334729,0.835632735,1.033147634,0.577197868,1.899732923,1.118082286,18.03627456,Quercus rubra,"Polk County, Arkansas",Ouachita Mountains Biological Station,2002,34.46246292,-93.99829963
MISS0019374,8,13.79238036,4.493150566,11.66195339,1.88629536,5.169245858,3.294282654,1.941726047,4.570714872,4.909859797,4.571602919,8.785319701,1.805706451,3.722456969,6.198876093,3.073844,1.784891173,1.64658351,0.503841797,2.973615181,1.201428556,18.28553093,Quercus rubra,"Logan County, Arkansas","Ozark National Forest, The Ozark Region, Blue Mountain",1958,35.13156534,-93.71550629
NCU00267312,7.333333333,11.69957505,4.286315888,11.16401866,2.346722372,3.398123058,2.609542098,1.414157033,2.827771052,3.106208091,4.077214072,8.449109682,1.321863816,2.79458081,5.18042758,2.759823107,1.105199823,1.432399266,0.450521741,2.59808742,1.055318482,15.98589094,Quercus rubra,"Johnson County, Arkansas","South-east facing sandstone bluffs. Yabough Gap. S 1/2 sec. 18, R. 24 W., T. 11N. Alt. ca. 1800 feet.",1966,35.61639776,-93.58589894
NCU00267313,7,11.23435425,3.871319646,9.241466854,1.8131042,2.551970285,1.347379965,0.628849462,3.069693714,3.026347811,3.941593674,8.413924707,1.036135396,3.289493487,4.581523501,2.909203985,0.733669288,1.859126661,0.316909232,2.831608174,1.236852441,15.10567389,Quercus rubra,"Pope County, Arkansas",,1924,35.47088548,-93.02283636
UAM006629,10,15.78361825,4.168225833,10.43568383,3.999711354,5.12239813,3.830810832,2.202781088,0.759144601,4.293533091,2.83487896,10.76805422,1.87949679,3.889310202,6.421089108,3.761973974,0.979345698,1.321933174,0.486811118,2.26329468,1.527554375,19.95184408,Quercus rubra,"Scott County, Arkansas","4.5 mi N, 3.0 mi E junction of Hwys 71 Business and 80 in Waldron. (From Hwy 71: take FSR 20 [NF access road to Knoppers Ford/Jack Creek Recreation Areas] 3.0 mi E, then follow rutted 2-track SE 0.35 mi to campsite.) Ouachita National Forest. T04N R29W Section 35 E1/2 of NE 1/4. 34?7'52""N 94?1'30""W (determined from topo map). Elevation 270-275 m.",1999,34.93284268,-94.10279454
UAM006633,9.333333333,15.0495196,2.91523946,13.1618708,2.86242479,2.975378433,2.030746313,1.059344106,1.073394373,2.79961419,3.450783218,12.17159757,1.588803899,3.297347969,6.985354085,5.254778643,0.653351645,1.798188457,0.469715125,1.987693836,1.146388287,17.96475906,Quercus rubra,"Logan County, Arkansas","Logan County: Magazine Mt. Brown Springs Rec. area, oak-hickory woods.",1971,35.16985788,-93.65075334
UAM006637,8.666666667,11.38078158,3.407159567,10.54454871,1.745130492,2.818454604,1.484298547,1.044886081,1.781439103,3.188565115,2.530941226,8.591987731,1.18533271,2.872793619,5.197191145,3.379311347,0.846589637,2.08626078,0.410712929,2.726527094,1.090577483,14.78794115,Quercus rubra,"Sebastian County, Arkansas","Country road along northwest slope of Sugarland Mountain, T5N, R32W, Sec. 35, E1/2",2002,35.0734434,-94.37345758
UARK031193,9.333333333,13.57638409,2.544756853,10.64479664,3.271150804,3.436790704,2.727855149,1.49151731,0.647128618,2.902559961,2.770461485,9.941894193,1.620135942,3.19724671,5.760507403,5.299907424,0.849205042,1.293617663,0.492217746,1.884402789,1.310545688,16.12114094,Quercus rubra,"Crawford County, Arkansas",Rudy.,1971,35.62734922,-94.17192165
UARK031196,9.666666667,16.14674528,4.708216531,13.66083771,2.704597952,2.927955089,2.322129317,1.003015184,2.640105754,3.08236625,3.704833057,13.6900147,1.323084529,3.324482424,7.699562228,3.428942381,0.859995598,1.264119869,0.397138512,2.33137812,1.181369332,20.85496181,Quercus rubra,"Franklin County, Arkansas","Franklin, AR. 1 mile N, side of stream, Izard County",1958,35.49889138,-93.85234799
UARK031202,9.666666667,13.53424697,2.960432336,10.61520735,4.480848327,2.818455775,3.369750824,1.29451867,0.504612715,2.045258156,3.700603408,11.16548917,1.475512021,3.341516544,6.261804453,4.568538677,0.692598296,1.003879289,0.397972152,1.581001051,1.28224554,16.49467931,Quercus rubra,"Johnson County, Arkansas",Scattered on hillside that slopes down to the Mulberry River; 1.5 mi. E of the Franklin Co. line on Johnson Co. Rd. 83.,1991,35.54122269,-94.03981514
UARK031203,8,11.47412451,3.780390583,9.220488318,1.879027213,3.963876095,2.814717528,2.083639528,1.813457421,3.303569118,2.279541256,7.580433391,1.423882476,2.872057777,4.837398392,3.137988713,1.506449909,1.41618351,0.509381467,2.394720905,1.260355668,15.25451509,Quercus rubra,"Johnson County, Arkansas",By Hwy 21 ca. 8.5 mi. S of Ozone.,1991,35.64319451,-93.44276254
UARK031205,9,11.28687207,3.887247337,8.9405164,2.411906209,5.375468438,4.791695496,2.34917578,1.55467708,4.516962085,1.748071703,6.054356666,2.896655932,2.9381614,5.357957024,2.903564165,1.986684009,1.121830142,0.98587366,1.559371286,1.262440732,15.17411941,Quercus rubra,"Logan County, Arkansas",Magazine Mt.,1942,35.16985788,-93.65075334
UARK031207,9.666666667,13.26510091,2.951934507,10.51268331,2.212914162,3.888104104,2.998278427,1.280101881,1.172907444,3.515810002,1.692158329,9.11197864,1.299943554,3.45500316,4.966406533,4.823952187,1.317760382,1.400270529,0.370840712,2.816846681,1.317033039,16.21703541,Quercus rubra,"Logan County, Arkansas",Arkansas. Magazine Mt; Logan County,1942,35.16985788,-93.65075334
UARK031208,9,9.697441406,1.872911478,7.419805704,2.014881558,2.079963735,2.177989113,1.050163416,0.941693859,1.849511997,1.764485396,7.599149943,0.829514523,1.850936786,3.985711206,5.282076933,1.060634095,1.062921506,0.456078132,2.295846971,1.308198507,11.57035288,Quercus rubra,"Logan County, Arkansas",Ouachita Mts. National Forest: Magazine Mountain about 45 miles east of Fort Smith.,1954,35.16985788,-93.65075334
UARK031362,6.666666667,12.61953745,3.927992604,10.82840684,3.08704571,5.690450871,3.623232931,1.834815106,2.554791198,5.486685203,2.652576391,7.476980875,3.482918973,3.038521354,6.803904328,3.337430735,1.179490015,1.624460204,1.143837303,1.567570125,1.186337028,16.54753005,Quercus rubra,"Montgomery County, Arkansas","Ouachita Mountains. Pigeon Roost Mountain. Caddo Rifle Range Road, just east of junction with Pigeon Roost Road. Bonnerdale Quad, T4S, R23W, Sec 9, 10, 15, 16. UTM: 3806685,458620",2002,34.4008025,-93.4504494
UARK031363,7.666666667,11.03040411,2.650509046,9.050909961,1.976378693,3.661319661,2.799451316,1.308816085,1.964265505,3.282522053,1.80641235,7.392117084,1.225686586,2.939980287,4.598861854,4.204629387,1.374788059,1.32402533,0.383663319,4.3550164,1.218006799,13.68091315,Quercus rubra,"Montgomery County, Arkansas","Ouachita Mountains. Slatington Mountain. Montgomery County Highpoint. Big Fork Quad, T3S, R27W, Sec 33, SE 1/4 and T4S, R27W, Sec 4, N 1/2 and Sec 5, NE 1/4. UTM: 3810692, 417302",2002,34.4008025,-93.4504494
UARK031364,9.333333333,14.25692231,3.066213958,9.951679979,3.074852828,3.163552578,2.603382839,1.288331237,0.868715107,2.473936324,3.326950394,11.31667919,1.558958901,2.945578192,6.163080979,4.695836754,0.828552139,1.280581967,0.501059459,1.611119411,1.45581824,17.32313626,Quercus rubra,"Montgomery County, Arkansas","5 mi. NE of Mt. Ida, from Mt. Ida head E on SH 27. Stop on the right one mile past the jct. of SH 27 & SH 188. UTM 15S/448094/3829234. Reed Mountain Quad. T2S, R24W, S4 NE?",2004,34.55188094,-93.62902799
UARK031365,11.5,20.29508841,4.384025904,15.8703799,4.920590343,4.098762251,4.87687871,2.278104796,0.979826613,3.501292191,3.407870395,16.86359612,2.257161679,3.962405704,9.103646716,4.633244211,0.963395323,0.911556675,0.559445994,1.630355721,1.277678787,24.67911431,Quercus rubra,"Montgomery County, Arkansas","Hickorynut Mt., Quachita Nat'l. Forest",1969,34.56449815,-93.40807444
UARK031372,9.333333333,10.15154902,1.73117573,7.466112402,2.148743094,2.28307357,1.77290048,0.960721789,0.407613293,1.769202061,1.905739399,7.997426324,0.735136413,2.814889535,4.29632552,5.956362108,0.78823083,1.325243069,0.250442253,3.335706704,1.394083807,11.88272475,Quercus rubra,"Polk County, Arkansas",Ouachita Mountains. Ouachita National Forest; Board Camp Creek; 11 miles SE of Mena; ca 3.5 mi S of AR8 on CR61; W 2 mi on 48320. UTM 15S/398076/3816173 Nichols Mountain Quad T3S R29W S20 NE 1/4,2005,34.46246292,-93.99829963
UARK031373,10.66666667,13.29509338,2.020965582,11.6398855,2.54112557,1.974245223,1.964765189,0.638842481,0.506131088,2.612333979,1.796001287,11.31751136,1.68215058,3.218583696,6.583993335,7.052813459,0.756434796,1.102818449,0.499277419,1.680078463,1.146883228,15.31605896,Quercus rubra,"Polk County, Arkansas",Ouachita Mountains. Ouachita NF; 10 miles S of Mena; ca 5.8 mi W of AR375 on CR80; E 0.8 mi on CR79; climb to top of ridge N of road; UTM 15S/389656/3812362 Eagle Mountain Quad T3S R30W S33 SE 1/4,2005,34.46246292,-93.99829963
UARK031375,10,20.7663396,4.851935958,17.40602456,3.502811059,4.273616413,3.464531309,1.693640293,1.206216712,4.225099578,3.01856247,16.75348757,2.05076931,3.42494206,9.610386026,4.278954858,0.991351828,1.232113301,0.566940419,2.328406694,1.199395955,25.61827556,Quercus rubra,"Polk County, Arkansas",Ouachita Mountains. Ouachita NF; 8 miles SE of Mena; ca 8 mi S of AR8 on AR375; ridge top W of highway. UTM 15S/393247/3816494 Eagle Mountain Quad T3S R30W S13 SW1/4,2005,34.46246292,-93.99829963
UARK031376,10,16.32061953,4.642504886,12.47912885,4.274898418,4.32893499,4.099369476,2.093389265,0.784184814,3.84843778,2.91887988,12.33470078,2.189258291,3.963899174,7.545697716,3.558676421,0.962275751,1.08772892,0.487217438,2.86012878,1.329395997,20.96312442,Quercus rubra,"Polk County, Arkansas","Ouachita Mountains. Ouachita National Forest; Rattlesnake Mtn; 15 miles SE of Mena; ca 2.2 mi W of AR8 on Heath Valley Rd; S, then W 2.4 mi on CR84. UTM 15S/405667/3814712 Nichols Mountain Quad T3S R28W S19 SE1/4",2005,34.46246292,-93.99829963
UARK031377,9.333333333,12.23920599,2.415766576,7.923735258,2.209515561,2.724990595,1.779218788,1.129636586,1.136030791,2.519347861,2.9565602,9.765000166,1.083413894,2.428805919,5.393181566,5.34189889,0.792176314,1.628157265,0.450904819,2.299611903,1.54579121,14.65497257,Quercus rubra,"Polk County, Arkansas",Ouachita Mountains. 5.5 miles W from Albert Pike Rec Areaa on FR 106; S 1.5 miles on Big Fork Trail ; W 0.5 miles to E side of mountain UTM 15/472056/3803442. Athens Quad T4S R28W S26 SE1/4.,2005,34.46246292,-93.99829963
UARK031379,10,14.59182539,1.828639123,11.22235299,4.128113629,4.580083578,4.145824025,1.819452901,0.99686722,3.461137014,2.458746673,10.70029235,2.532547912,3.616743152,6.451707795,7.979609106,1.004290191,1.104746258,0.700228854,1.366662008,1.300246518,16.42046452,Quercus rubra,"Pope County, Arkansas",Longpool,1954,35.549931,-93.161766
UARK031386,8.333333333,15.64545526,4.149219395,14.65527499,4.089751069,3.701751878,3.252717895,1.339298351,2.053632353,4.036374043,3.707156934,12.21918215,2.453412615,5.270165246,7.182795952,3.783695567,0.756218858,1.242944155,0.485283388,1.825016872,1.068148206,19.79467466,Quercus rubra,"Scott County, Arkansas",Southwestern Scott Co. Near the Upper Black Fork Basin (including Price Creek) of the Poteau River.,1974,34.7585423,-94.37955732
UARK031389,9,12.38989133,1.782475964,9.038417579,3.603734015,3.038624203,2.920968748,1.282734098,0.503119445,2.758639502,2.258056828,9.871854475,1.517081173,3.115363561,5.845678627,6.957434601,0.804919174,1.051382658,0.485988411,1.878161515,1.403084545,14.17236729,Quercus rubra,"Sebastian County, Arkansas","Sebastian County, AR. Ouachita National Forest, Poteau Mountain, on Forest Road 1038, off Forest Road 158, off Highway 28, 18 air miles West of Waldron, AR. T3N R32W Sec. 8, NW 1/4 UTM: 3867042, 0370048. 1600'.",2003,34.95006336,-94.33341959
UARK031390,8,11.39572627,2.870762537,7.18618696,1.746472385,4.851284556,3.104025236,1.937048498,1.975924184,3.329405569,2.282071059,6.761337537,1.01759288,3.193186194,4.039121797,3.972495929,1.76875018,1.592550324,0.326655686,3.258221123,1.612258908,14.2664888,Quercus rubra,"Sebastian County, Arkansas","Arkansas River Valley. Near the top of Sugarloaf Mountain, west of Midland Park, along county road 201. T5N R32W S36 SW1/4 NW 1/4",2002,35.0734434,-94.37345758
UARK031401,10.33333333,11.93369478,2.333086006,9.104126734,2.964483018,2.748562977,2.834472795,1.326466571,0.534389976,2.420161535,2.07166579,9.227712313,1.68187085,2.711248788,5.302782578,5.153135832,0.944867732,0.972876304,0.620379928,1.444065492,1.315088884,14.26678079,Quercus rubra,"Yell County, Arkansas","Ouachita Mountains. Blue Mountain Lake Project, Outlet Recreation Area of Blue Mountain Dam, off Highway 10, 15 air miles east of Booneville. T5N, R25W, Sec 16, NE 1/4",2003,35.10429289,-93.6497132
UARK049026,8.5,12.13286129,3.729311709,11.34080068,2.699152784,3.360766486,3.099778617,1.694222896,1.230554473,3.239752807,2.474445622,8.788311514,1.790828379,2.993894855,5.292212401,3.253218255,1.109489833,1.113289758,0.559341968,2.48015875,1.071660129,15.862173,Quercus rubra,"Montgomery County, Arkansas","At Little Missouri Falls in Ouachita National Forest 5 Miles S. of Ark. 8 about 12.2 miles west of Norman, Ark.",1987,34.42262273,-93.91967183
UCA006581,9,10.06081252,1.705066655,6.428117613,2.900274599,2.733864354,2.976778381,1.305590675,0.395102381,2.532626595,2.063052045,7.482953039,1.543296964,2.634679161,4.530622939,5.902106592,1.020845641,0.911985568,0.58228139,1.672670403,1.565111338,11.76587918,Quercus rubra,"Montgomery County, Arkansas",,1973,34.51745953,-93.64335599
UARK031881,8.333333333,15.84066542,4.635392653,14.85275562,4.687003806,5.020361033,4.836743045,2.012357272,2.020448396,5.228720989,3.934569014,11.39371385,3.983004235,4.679601435,8.409196498,3.389477267,1.001603528,1.061552516,0.822991781,1.388192517,1.071103127,20.47605808,Quercus sp.,"Polk County, Arkansas",,,34.47381062,-94.20025833
NCU00007875,5,12.15083233,2.934610363,8.889923509,2.063818756,3.413298458,1.895799129,1.318709881,1.790796766,3.200143525,2.056342221,8.936997338,1.30129327,2.891083399,5.323419015,4.129360321,0.94070162,1.8301144,0.476506817,2.646616961,1.425843031,15.08544269,Quercus sp.,"Logan County, Arkansas",Mt. Magazine; 35.168329 -93.63589,1967,35.168329,-93.63589
NLU0179770,7.666666667,13.79877701,3.356227978,12.16832391,3.666678054,5.242957564,4.638841666,1.85863221,3.327329617,5.405963866,3.912203913,9.127448386,3.426859335,4.375078784,7.029115462,4.122039862,1.266762728,1.170860705,0.777233055,1.604137418,1.140555166,17.15500499,Quercus sp.,"Le Flore County, Oklahoma","Pine Mountain Vista beside Talimena Scenic Drive on Rich Mountain 3.9 miles west of the Arkansas State Line in Ouachita National Forest west of Mena, Ark.",1992,34.69247527,-94.52147213